ZIP,target_year,actual,prediction
90001,2021,0.22666669,0.23313725
90002,2021,0.40166667,0.4294022
90003,2021,0.38499996,0.42844018
90004,2021,0.32333332,0.28782222
90005,2021,0.30166665,0.2624156
90006,2021,0.27833337,0.25918078
90007,2021,0.28000003,0.3215443
90008,2021,0.32333332,0.30502346
90010,2021,0.37,0.25607508
90011,2021,0.33999997,0.36856914
90012,2021,0.6,0.5545561
90013,2021,0.43,0.1957137
90014,2021,0.2716667,0.15092134
90015,2021,0.31166667,0.25056183
90016,2021,0.29166666,0.2861113
90017,2021,0.25166667,0.19833326
90018,2021,0.29333332,0.3138984
90019,2021,0.48,0.4750731
90020,2021,0.36499998,0.32366803
90021,2021,0.29166666,0.23046732
90022,2021,0.395,0.44475615
90023,2021,0.22000003,0.42245007
90024,2021,0.46,0.37134543
90025,2021,0.37666667,0.33073255
90026,2021,0.37333333,0.31496108
90027,2021,0.62,0.55015147
90028,2021,0.33999997,0.31183934
90029,2021,0.36833334,0.31628126
90031,2021,0.5883333,0.5838729
90032,2021,0.52,0.5082199
90033,2021,0.32,0.4282765
90034,2021,0.29666662,0.27903724
90035,2021,0.3316667,0.29118994
90036,2021,0.31833333,0.27528864
90037,2021,0.3333333,0.32143006
90038,2021,0.30166665,0.2650699
90039,2021,0.43333334,0.36538878
90040,2021,0.35166666,0.35823974
90041,2021,0.615,0.5482379
90042,2021,0.9816667,0.9097601
90043,2021,0.32,0.31179026
90044,2021,0.475,0.5221369
90045,2021,0.51,0.33358562
90046,2021,1.275,1.276871
90047,2021,0.55333334,0.5836913
90048,2021,0.36666667,0.30890897
90049,2021,1.225,1.2211477
90056,2021,0.32166663,0.3192693
90057,2021,0.255,0.22473651
90058,2021,0.20166665,0.21452934
90059,2021,0.38499996,0.39316875
90061,2021,0.35833332,0.37217817
90062,2021,0.38666666,0.23195946
90063,2021,0.35666665,0.33806267
90064,2021,0.34666663,0.3237391
90065,2021,0.695,0.65885407
90066,2021,0.40833333,0.40472457
90067,2021,0.565,0.47331274
90068,2021,1.4316666,1.3860884
90069,2021,0.95666665,0.9101198
90071,2021,0.11500001,0.020474315
90077,2021,1.8666667,1.7805672
90089,2021,0.103333354,0.096794724
90094,2021,0.38833332,0.28464574
90096,2021,0.5,0.5255197
90201,2021,0.40999997,0.43129948
90210,2021,1.465,2.1560192
90211,2021,0.3533333,0.29266113
90212,2021,0.40666667,0.3524608
90220,2021,0.40166667,0.41289496
90221,2021,0.37333333,0.34957978
90222,2021,0.32666665,0.32663324
90230,2021,0.33999997,0.31269276
90231,2021,0.0,0.01020515
90232,2021,0.3066667,0.2844062
90240,2021,0.345,0.3691454
90241,2021,0.34833333,0.37152314
90242,2021,0.33666667,0.35518944
90245,2021,0.41166666,0.42213404
90247,2021,0.36666667,0.3812842
90248,2021,0.35166666,0.35890734
90249,2021,0.36833334,0.35737574
90250,2021,0.30166665,0.31207818
90254,2021,0.46333334,0.46410576
90255,2021,0.35833332,0.3748038
90260,2021,0.48166665,0.5111979
90261,2021,0.0,0.00023031235
90262,2021,0.415,0.49264592
90263,2021,0.16666669,0.19306272
90264,2021,0.3333333,0.52971417
90265,2021,1.9316666,1.7875774
90266,2021,0.44166666,0.42786276
90270,2021,0.42,0.4743424
90272,2021,1.6533333,1.5915012
90274,2021,0.795,0.5901641
90275,2021,0.47666666,0.4572633
90277,2021,0.38,0.36919338
90278,2021,0.39333335,0.3844278
90280,2021,0.43833333,0.46453688
90290,2021,2.855,2.6643808
90291,2021,0.54,0.53245056
90292,2021,0.38499996,0.3345013
90293,2021,0.4,0.35900787
90301,2021,0.29833335,0.292881
90302,2021,0.29833335,0.28986087
90303,2021,0.495,0.5429603
90304,2021,0.29333332,0.28813183
90305,2021,0.31833333,0.31420368
90401,2021,0.4183333,0.33317438
90402,2021,0.73,0.67818075
90403,2021,0.43,0.36355475
90404,2021,0.36499998,0.33822787
90405,2021,0.37,0.33461088
90501,2021,0.38,0.3860974
90502,2021,0.34666663,0.33967182
90503,2021,0.44333333,0.45291
90504,2021,0.40833333,0.4213219
90505,2021,0.405,0.4119459
90509,2021,0.0,0.00023031235
90601,2021,0.80333334,0.7938218
90602,2021,0.67833334,0.73662835
90603,2021,0.68333334,0.7179365
90604,2021,0.39833334,0.43968832
90605,2021,0.57666665,0.6328128
90606,2021,0.37666667,0.4181766
90620,2021,0.39,0.4137167
90621,2021,0.44166666,0.4681401
90623,2021,0.32333332,0.33828366
90630,2021,0.40166667,0.41079757
90631,2021,0.74833333,0.7436318
90638,2021,0.4183333,0.44708273
90639,2021,0.10833335,0.15060413
90640,2021,0.38,0.3852385
90650,2021,0.42333335,0.44241562
90660,2021,0.40666667,0.42838845
90670,2021,0.36499998,0.38905442
90680,2021,0.39,0.4113584
90701,2021,0.405,0.4359561
90703,2021,0.33,0.33732903
90704,2021,1.86,1.6486944
90706,2021,0.38499996,0.40915406
90710,2021,0.38833332,0.3991325
90712,2021,0.48333332,0.52789646
90713,2021,0.27333337,0.3012858
90715,2021,0.37,0.40806195
90716,2021,0.42,0.44746867
90717,2021,0.40833333,0.4271623
90720,2021,0.42333335,0.44526762
90723,2021,0.38833332,0.411708
90731,2021,0.345,0.34985057
90732,2021,0.48166665,0.5115453
90740,2021,0.46,0.48202902
90742,2021,0.37333333,0.28374118
90743,2021,0.20999998,0.19873166
90744,2021,0.34166667,0.3592659
90745,2021,0.34833333,0.36043578
90746,2021,0.36333334,0.37101474
90755,2021,0.36833334,0.38073534
90801,2021,0.0,0.00023031235
90802,2021,0.38,0.3452751
90803,2021,0.42666668,0.4333031
90804,2021,0.32,0.32581323
90805,2021,0.35,0.36002254
90806,2021,0.46833333,0.5039359
90807,2021,0.33999997,0.35159218
90808,2021,0.5733333,0.42821836
90810,2021,0.40999997,0.4302872
90813,2021,0.28500003,0.2922855
90814,2021,0.36666667,0.3593611
90815,2021,0.37333333,0.5887748
91001,2021,1.1066667,1.0554048
91006,2021,0.5883333,0.56854
91007,2021,0.4033333,0.36923862
91008,2021,1.4366666,1.4463655
91010,2021,0.625,0.61216694
91011,2021,1.1383333,1.0108631
91016,2021,0.8183333,0.80608237
91020,2021,0.435,0.3865731
91021,2021,0.0,0.00023031235
91023,2021,0.6666667,0.3794335
91024,2021,1.17,1.1260592
91030,2021,0.85333335,0.7886245
91040,2021,0.9166667,0.8449524
91042,2021,1.335,1.2382971
91101,2021,0.40666667,0.33460984
91103,2021,0.6533333,0.5926189
91104,2021,0.4,0.37976688
91105,2021,1.1933334,1.1483246
91106,2021,0.445,0.387611
91107,2021,0.72,0.66939485
91108,2021,0.32833335,0.28569502
91201,2021,0.49,0.43339816
91202,2021,0.6816667,0.5842763
91203,2021,0.3533333,0.27686948
91204,2021,0.36333334,0.3059474
91205,2021,0.375,0.32790574
91206,2021,1.0766667,1.0022248
91207,2021,0.8333333,0.75741345
91208,2021,1.2183334,1.159459
91210,2021,0.5683333,0.1828677
91214,2021,0.6383333,0.5884373
91301,2021,1.2083334,1.1912308
91302,2021,1.7133334,1.6065674
91303,2021,0.28833336,0.2573688
91304,2021,0.76,0.69229984
91305,2021,0.0,0.00023031235
91306,2021,0.31833333,0.2958634
91307,2021,0.62666667,0.5600606
91311,2021,0.87,0.7531273
91316,2021,0.6166667,0.48189676
91320,2021,1.0516666,1.0092514
91321,2021,1.225,1.1673323
91324,2021,0.38,0.3505179
91325,2021,0.325,0.27219445
91326,2021,0.7816667,0.7302715
91330,2021,0.065,0.05468434
91331,2021,0.39333335,0.39109483
91335,2021,0.3533333,0.32703155
91340,2021,0.47166666,0.51056707
91342,2021,0.63,0.59997904
91343,2021,0.34166667,0.31021485
91344,2021,0.585,0.49577627
91345,2021,0.36333334,0.34407505
91350,2021,1.1,1.0369835
91351,2021,0.9116667,0.8430208
91352,2021,0.56,0.52392244
91354,2021,0.665,0.62107426
91355,2021,0.49833333,0.41504416
91356,2021,0.73333335,0.6009205
91360,2021,0.995,1.0110517
91361,2021,1.4533334,1.4524384
91362,2021,1.04,0.9560697
91364,2021,1.23,1.1107048
91367,2021,0.375,0.2989378
91377,2021,0.87166667,0.78955334
91381,2021,1.2883333,1.2060387
91384,2021,1.5883334,1.5219414
91387,2021,1.2533333,1.2316958
91390,2021,1.785,1.7201606
91401,2021,0.35166666,0.29827958
91402,2021,0.49833333,0.5146915
91403,2021,1.05,0.94880307
91405,2021,0.41333333,0.37328923
91406,2021,0.34833333,0.31958604
91411,2021,0.32666665,0.27707404
91423,2021,1.0016667,0.91320044
91436,2021,0.97833335,0.8826648
91501,2021,0.7966667,0.7139966
91502,2021,0.36166668,0.2907101
91504,2021,0.6716667,0.5964132
91505,2021,0.37666667,0.3604987
91506,2021,0.58166665,0.5645915
91601,2021,0.31499997,0.2648247
91602,2021,0.45333335,0.3653093
91604,2021,1.22,1.1075991
91605,2021,0.425,0.38257477
91606,2021,0.3333333,0.2845741
91607,2021,0.36333334,0.29624128
91701,2021,0.49666667,0.4969975
91702,2021,0.535,0.5397736
91706,2021,0.43,0.4345699
91708,2021,0.34833333,0.35737136
91709,2021,0.9216667,0.90256757
91710,2021,0.4033333,0.41546887
91711,2021,0.7266667,0.70932806
91719,2021,0.0,0.00092059374
91720,2021,0.09500003,0.082383156
91722,2021,0.395,0.41432434
91723,2021,0.5316667,0.54840136
91724,2021,0.80833334,0.8256819
91729,2021,0.16666669,0.19306272
91730,2021,0.40166667,0.3974824
91731,2021,0.39833334,0.42324692
91732,2021,0.44166666,0.4410957
91733,2021,0.38,0.3839531
91734,2021,0.0,0.00023031235
91737,2021,0.78833336,0.7702027
91739,2021,0.49,0.3953415
91740,2021,0.5416667,0.54601836
91741,2021,0.9916667,0.9662241
91744,2021,0.425,0.43453723
91745,2021,0.71666664,0.73969436
91746,2021,0.445,0.44547105
91748,2021,0.545,0.54530567
91750,2021,0.8066667,0.78567785
91752,2021,0.4166667,0.40597412
91754,2021,0.34166667,0.3343795
91755,2021,0.33833334,0.32540298
91759,2021,1.9466667,1.9096847
91760,2021,0.11166668,0.07860184
91761,2021,0.38333333,0.39358658
91762,2021,0.39333335,0.40194827
91763,2021,0.37166664,0.3739628
91764,2021,0.3783333,0.38176444
91765,2021,1.005,0.94914395
91766,2021,0.52,0.50453115
91767,2021,0.415,0.42501068
91768,2021,0.435,0.4399665
91770,2021,0.38499996,0.42089385
91773,2021,1.0516666,1.0245289
91775,2021,0.56,0.55702806
91776,2021,0.34166667,0.3340206
91780,2021,0.54833335,0.54864585
91784,2021,0.7633333,0.5800699
91785,2021,0.0,0.1896286
91786,2021,0.38,0.3610105
91789,2021,0.77166665,0.7686694
91790,2021,0.38833332,0.42881384
91791,2021,0.79,0.7707335
91792,2021,0.52166665,0.514385
91793,2021,0.0,0.00023031235
91801,2021,0.345,0.35458484
91803,2021,0.345,0.35315767
91901,2021,2.1366668,2.057124
91902,2021,1.105,1.0157082
91905,2021,1.8833333,1.7617385
91906,2021,1.9366666,1.8544041
91910,2021,0.58666664,0.5266615
91911,2021,0.45166665,0.4200312
91913,2021,0.5283333,0.4219343
91914,2021,1.0883334,1.0920866
91915,2021,0.5416667,0.41473207
91916,2021,2.3766668,2.3163786
91917,2021,1.8983333,1.9626812
91931,2021,1.97,2.2910771
91932,2021,0.39166668,0.3800899
91934,2021,1.0233333,1.0816053
91935,2021,2.1333334,2.1257582
91941,2021,0.76666665,0.6840965
91942,2021,0.47,0.42403433
91945,2021,0.43833333,0.4338472
91948,2021,2.6683333,2.6298285
91950,2021,0.42,0.35992983
91962,2021,2.3683333,2.342401
91963,2021,1.8366667,1.8130107
91977,2021,0.69166666,0.6233455
91978,2021,1.1933334,1.1627003
91980,2021,1.57,1.4961541
92003,2021,1.4283333,1.3435171
92004,2021,0.52666664,0.48865435
92007,2021,0.645,0.5686343
92008,2021,0.68833333,0.6008415
92009,2021,1.4233333,1.3427095
92010,2021,0.955,0.8175279
92011,2021,0.87666667,0.69871515
92014,2021,0.99333334,0.9175943
92019,2021,1.225,1.0948122
92020,2021,0.61833334,0.53434426
92021,2021,1.1233333,1.009134
92023,2021,0.3333333,0.3989558
92024,2021,0.82666665,0.7145837
92025,2021,0.97833335,0.89459723
92026,2021,1.2633333,1.1804181
92027,2021,0.965,0.85825425
92028,2021,1.4216666,1.3558362
92029,2021,1.3716667,1.3611016
92036,2021,2.1283333,2.057253
92037,2021,0.8616667,0.82039696
92038,2021,0.8333333,0.70069396
92040,2021,1.325,1.2184751
92052,2021,0.16666669,0.00023031235
92054,2021,0.54833335,0.48350286
92055,2021,0.18,0.3318125
92056,2021,0.6483333,0.5887277
92057,2021,0.53833336,0.46137276
92058,2021,0.71666664,0.5930518
92059,2021,2.015,2.019434
92060,2021,2.105,1.9780399
92061,2021,1.6566668,1.5231652
92064,2021,1.2566667,1.1336086
92065,2021,1.5366666,1.405458
92066,2021,1.45,1.3496413
92067,2021,1.6733333,1.608073
92068,2021,0.16666669,0.38607982
92069,2021,1.015,0.8908115
92070,2021,1.9333333,1.9348878
92071,2021,0.8183333,0.742595
92075,2021,0.65,0.45340735
92078,2021,1.1866666,1.0998513
92081,2021,0.70666665,0.67990005
92082,2021,1.7016667,1.6464884
92083,2021,0.43333334,0.38874638
92084,2021,1.14,1.1073976
92086,2021,2.3483334,2.1873636
92088,2021,0.3333333,0.48097864
92091,2021,1.1216667,0.9777898
92092,2021,0.30333334,0.27836704
92093,2021,0.11500001,0.0841853
92096,2021,0.16666669,0.17187035
92101,2021,0.40666667,0.32996067
92102,2021,0.42166665,0.37864926
92103,2021,0.62333333,0.5814755
92104,2021,0.48166665,0.4048115
92105,2021,0.44166666,0.38600072
92106,2021,0.41166666,0.38841796
92107,2021,0.37666667,0.35313183
92108,2021,0.8016667,0.66923964
92109,2021,0.705,0.7294119
92110,2021,0.67,0.60105836
92111,2021,0.795,0.74035156
92112,2021,0.3333333,0.12880516
92113,2021,0.42,0.33327377
92114,2021,0.5316667,0.46838436
92115,2021,0.64166665,0.5599555
92116,2021,0.83166665,0.7549268
92117,2021,0.75,0.6829672
92118,2021,0.45666668,0.428166
92119,2021,0.9583333,1.0078042
92120,2021,1.1033334,1.0056382
92121,2021,1.26,1.1315645
92122,2021,0.9066667,0.7136044
92123,2021,0.615,0.52033716
92124,2021,1.165,1.0839264
92126,2021,0.7683333,0.6217807
92127,2021,0.91333336,0.7971757
92128,2021,1.265,1.0639094
92129,2021,1.1716666,1.0472895
92130,2021,0.98,0.83151114
92131,2021,1.2916666,1.1755393
92135,2021,0.07666665,0.1152907
92136,2021,0.08166665,0.12703192
92139,2021,0.5083333,0.43138224
92140,2021,0.14166665,0.15079927
92154,2021,0.61833334,0.5723559
92155,2021,0.16666669,0.17516965
92173,2021,0.55,0.5413615
92182,2021,0.08833331,0.11585969
92201,2021,0.42166665,0.4144658
92203,2021,0.45666668,0.43296838
92210,2021,0.56333333,0.49904567
92211,2021,0.5516667,0.53662205
92220,2021,0.815,0.7500733
92222,2021,0.0,0.025018394
92223,2021,0.8933333,0.83369184
92225,2021,0.60333335,0.6251895
92226,2021,0.3333333,0.3571262
92227,2021,0.475,0.47451583
92230,2021,0.885,0.8784009
92231,2021,0.4033333,0.41269058
92233,2021,0.405,0.3886404
92234,2021,0.44166666,0.42603186
92236,2021,0.36166668,0.28826538
92239,2021,0.6666667,0.62570477
92240,2021,0.39166668,0.3539643
92241,2021,0.33999997,0.31593516
92242,2021,0.7633333,0.66933924
92243,2021,0.4,0.37747627
92249,2021,0.31833333,0.32284167
92250,2021,0.5083333,0.49399206
92251,2021,0.41166666,0.40184516
92252,2021,1.2883333,1.2859831
92253,2021,0.47,0.45616353
92254,2021,0.34166667,0.36148712
92255,2021,0.16666669,0.17516965
92256,2021,1.1283333,1.122087
92257,2021,0.355,0.40622312
92258,2021,0.38166666,0.33134273
92259,2021,0.515,0.56585664
92260,2021,0.56666666,0.51988965
92261,2021,0.0,0.00023031235
92262,2021,0.57666665,0.5031067
92264,2021,0.63666666,0.549978
92266,2021,0.48,0.66436106
92267,2021,0.72,0.72537965
92268,2021,1.1733333,1.1352676
92270,2021,0.55333334,0.50403905
92273,2021,0.2216667,0.20899451
92274,2021,0.355,0.35891563
92275,2021,0.22333336,0.29739806
92276,2021,0.31333336,0.30896598
92277,2021,0.585,0.7649606
92278,2021,0.13166666,0.114423394
92280,2021,0.19166666,0.18814063
92281,2021,0.4033333,0.3762882
92282,2021,0.9916667,1.0116602
92283,2021,0.50166667,0.47163707
92284,2021,0.98,0.9390771
92285,2021,0.855,0.8523919
92301,2021,0.69666666,0.68142146
92304,2021,0.5,0.5063081
92305,2021,2.5566669,2.566399
92307,2021,0.99833333,0.9541552
92308,2021,0.90833336,0.935614
92309,2021,0.23333335,0.26012307
92310,2021,0.065,0.07221258
92311,2021,0.45666668,0.40275887
92313,2021,0.52666664,0.46069092
92314,2021,2.3633332,2.006549
92315,2021,2.3049998,2.07801
92316,2021,0.48,0.48681378
92317,2021,2.4966667,2.5263734
92318,2021,0.45666668,0.46404198
92320,2021,1.4166666,1.3984858
92321,2021,2.5433333,2.407473
92322,2021,2.7133334,2.7142482
92323,2021,0.61,0.5183027
92324,2021,0.59833336,0.5601049
92325,2021,2.2166667,2.2000864
92326,2021,1.3366667,1.5162908
92327,2021,0.455,0.44360125
92328,2021,0.39166668,0.3930327
92329,2021,1.1483333,1.2071457
92332,2021,0.4166667,0.48914638
92333,2021,2.27,2.153993
92334,2021,0.19999999,0.23029637
92335,2021,0.375,0.39278293
92336,2021,0.42333335,0.4200594
92337,2021,0.48166665,0.48579183
92338,2021,0.16666669,0.11873871
92339,2021,3.0583334,2.2818813
92340,2021,1.1966667,1.5711738
92341,2021,1.9433334,1.8969594
92342,2021,0.5466667,0.5653608
92344,2021,0.94166666,0.9255484
92345,2021,1.0533333,0.8806046
92346,2021,0.66833335,0.63194394
92347,2021,0.57,0.47933137
92349,2021,0.0,0.00023031235
92350,2021,0.16666669,0.09532565
92352,2021,2.7716668,2.5564227
92354,2021,0.6166667,0.5603156
92356,2021,0.69166666,0.69132173
92358,2021,2.3783333,2.3029058
92359,2021,1.2216667,1.1775331
92363,2021,0.35,0.30462834
92365,2021,0.50166667,0.5328035
92366,2021,0.16666669,0.5738944
92368,2021,0.81333333,0.82755786
92371,2021,0.9166667,0.9020251
92372,2021,1.32,1.2721462
92373,2021,1.285,1.2081487
92374,2021,0.50666666,0.4844955
92376,2021,0.31166667,0.33596852
92377,2021,0.37666667,0.3647209
92378,2021,2.791667,2.8158846
92382,2021,2.38,2.3630476
92384,2021,0.89666665,1.008686
92385,2021,2.685,2.802843
92386,2021,2.1316667,2.0783293
92389,2021,0.455,0.46257228
92391,2021,2.9216666,2.878706
92392,2021,0.59,0.60837966
92393,2021,0.120000005,0.10918391
92394,2021,0.43333334,0.4382829
92395,2021,0.5566667,0.549357
92397,2021,2.5183334,2.5075994
92398,2021,0.47833332,0.49874422
92399,2021,1.1266667,1.0879469
92401,2021,0.3783333,0.3688848
92403,2021,0.16666669,0.015880823
92404,2021,0.43666667,0.41875657
92405,2021,0.59,0.37868825
92407,2021,1.01,0.97343844
92408,2021,0.49166667,0.46170118
92410,2021,0.42833334,0.41781354
92411,2021,0.35,0.32974172
92501,2021,0.5733333,0.57593864
92502,2021,0.16666669,0.17516965
92503,2021,0.53,0.500788
92504,2021,0.46166667,0.42997506
92505,2021,0.35833332,0.34239835
92506,2021,0.58166665,0.57441247
92507,2021,0.5366667,0.50642264
92508,2021,0.54333335,0.49545532
92509,2021,0.585,0.5737549
92518,2021,0.13999999,0.1110391
92530,2021,0.785,0.72860533
92532,2021,0.895,0.83885133
92536,2021,1.7333333,1.6884723
92539,2021,1.7583333,1.7443628
92543,2021,0.43833333,0.42812786
92544,2021,0.7633333,0.70082486
92545,2021,0.45833334,0.4111983
92548,2021,0.9033333,0.87455094
92549,2021,2.6333334,2.497158
92551,2021,0.4183333,0.39668655
92552,2021,0.0,0.00023031235
92553,2021,0.305,0.31417423
92555,2021,0.49,0.4487491
92557,2021,0.47166666,0.4375108
92561,2021,1.7783334,1.7030939
92562,2021,1.065,0.9925435
92563,2021,0.7,0.6225039
92567,2021,0.78333336,0.741052
92570,2021,0.9816667,0.77803695
92571,2021,0.4033333,0.34506586
92581,2021,0.16666669,0.19306272
92582,2021,0.35,0.33504266
92583,2021,0.4183333,0.38907114
92584,2021,0.70666665,0.8686025
92585,2021,0.51166666,0.49495012
92586,2021,0.445,0.4382244
92587,2021,0.805,0.76310784
92589,2021,0.16666669,0.17516965
92590,2021,2.0816667,1.9842371
92591,2021,0.52166665,0.47436824
92592,2021,1.15,0.98228174
92595,2021,1.085,0.8614255
92596,2021,0.71666664,0.61556387
92602,2021,0.82666665,0.76863307
92603,2021,0.5933333,0.48916054
92604,2021,0.39166668,0.34318882
92606,2021,0.36166668,0.31011397
92610,2021,0.77166665,0.65680516
92612,2021,0.43833333,0.36941803
92614,2021,0.39333335,0.33886203
92616,2021,0.3333333,0.34013388
92617,2021,0.33833334,0.3390235
92618,2021,0.51,0.47146395
92620,2021,0.43166667,0.395941
92621,2021,0.08166665,0.23913312
92623,2021,0.0,0.005361438
92624,2021,0.5183333,0.47129413
92625,2021,0.51666665,0.48698187
92626,2021,0.49,0.52262217
92627,2021,0.4183333,0.42707998
92629,2021,0.46166667,0.42677206
92630,2021,0.47833332,0.4384448
92631,2021,0.0,0.00023031235
92633,2021,0.0,0.00023031235
92635,2021,0.0,0.00023031235
92637,2021,0.60333335,0.37536943
92645,2021,0.0,0.00023031235
92646,2021,0.445,0.4648243
92647,2021,0.395,0.41799518
92648,2021,0.44,0.44627827
92649,2021,0.45666668,0.4723669
92651,2021,1.3,1.2354089
92652,2021,0.16666669,0.3109588
92653,2021,0.455,0.4104861
92654,2021,0.0,0.015880823
92655,2021,0.445,0.45680386
92656,2021,0.56166667,0.460231
92657,2021,1.11,1.0035132
92660,2021,0.5366667,0.522298
92661,2021,0.40666667,0.43720123
92662,2021,0.38666666,0.37452298
92663,2021,0.47166666,0.46255362
92665,2021,0.0,0.00023031235
92667,2021,0.0,0.0050975084
92668,2021,0.0,0.00023031235
92670,2021,0.0,0.00023031235
92672,2021,0.6983333,0.63490385
92673,2021,0.795,0.7250778
92674,2021,0.3333333,0.17516965
92675,2021,0.83166665,0.7626603
92676,2021,2.4933333,2.805513
92677,2021,0.7416667,0.6508091
92678,2021,2.5166667,2.5311425
92679,2021,1.6433334,1.5823251
92683,2021,0.36666667,0.39087218
92686,2021,0.08333331,0.09922868
92687,2021,0.0,0.00023031235
92688,2021,0.80833334,0.68510544
92691,2021,0.39166668,0.35463506
92692,2021,0.65,0.59362584
92694,2021,0.8466667,0.74031985
92697,2021,0.0,0.01020515
92701,2021,0.45666668,0.45193854
92703,2021,0.34333333,0.3617098
92704,2021,0.34666663,0.3655207
92705,2021,0.5233333,0.4816143
92706,2021,0.31333336,0.3348072
92707,2021,0.38,0.39730734
92708,2021,0.405,0.4275897
92714,2021,0.0,0.00023031235
92720,2021,0.0,0.00023031235
92780,2021,0.39833334,0.40025628
92782,2021,0.45333335,0.3527183
92801,2021,0.33833334,0.35410306
92802,2021,0.38166666,0.3875609
92803,2021,0.0533334,0.17516965
92804,2021,0.35666665,0.3825285
92805,2021,0.34166667,0.36907822
92806,2021,0.38333333,0.3925016
92807,2021,0.74666667,0.6821794
92808,2021,0.85333335,0.78018695
92809,2021,0.3333333,0.00023031235
92821,2021,0.94,0.9042195
92823,2021,1.26,1.2155268
92831,2021,0.51166666,0.50517905
92832,2021,0.31166667,0.32578224
92833,2021,0.44833332,0.46397138
92834,2021,0.16666669,0.19306272
92835,2021,0.43,0.42578325
92840,2021,0.37666667,0.39379594
92841,2021,0.36833334,0.3815509
92843,2021,0.37333333,0.39304072
92844,2021,0.37333333,0.3874865
92845,2021,0.36833334,0.38811177
92846,2021,0.3333333,0.32938835
92860,2021,0.6016667,0.5890398
92861,2021,0.6533333,0.6731718
92862,2021,0.16666669,0.17516965
92865,2021,0.44333333,0.44308043
92866,2021,0.48,0.4817891
92867,2021,0.535,0.52370703
92868,2021,0.38833332,0.38594344
92869,2021,0.5133333,0.489062
92870,2021,0.42,0.41136107
92879,2021,0.47166666,0.41140175
92880,2021,0.53833336,0.5300859
92881,2021,0.6,0.56356347
92882,2021,0.74,0.67425686
92883,2021,0.825,0.7632286
92886,2021,0.7816667,0.7608006
92887,2021,1.0516666,0.9827286
93001,2021,0.92833334,0.83852035
93003,2021,0.75166667,0.7019155
93004,2021,0.46333334,0.44715175
93010,2021,0.7816667,0.7273304
93012,2021,0.93833333,0.8712384
93013,2021,0.82166666,0.7558485
93015,2021,0.77666664,0.79243547
93020,2021,0.0,0.00023031235
93021,2021,1.1616666,1.109857
93022,2021,1.205,1.1488336
93023,2021,1.5366666,1.4503667
93030,2021,0.34833333,0.35185412
93033,2021,0.36833334,0.37298098
93035,2021,0.43833333,0.4279499
93036,2021,0.36666667,0.3532447
93040,2021,1.06,1.0725853
93041,2021,0.40166667,0.38208374
93043,2021,0.10500002,0.07454127
93060,2021,0.74833333,0.78774184
93062,2021,0.16666669,0.19306272
93063,2021,0.9,0.84517604
93064,2021,0.5,0.2686954
93065,2021,0.86333334,0.8212179
93066,2021,0.87333333,1.3421246
93067,2021,0.6533333,0.5610798
93101,2021,0.565,0.5027851
93102,2021,0.3333333,0.38607982
93103,2021,1.0633334,1.0084803
93105,2021,1.7533333,1.6884344
93106,2021,0.335,0.2805763
93107,2021,0.0,0.108145535
93108,2021,1.9166666,1.3197608
93109,2021,0.7783333,0.67013866
93110,2021,1.0533333,0.9110442
93111,2021,1.0433333,0.97314125
93117,2021,0.9033333,0.82970476
93201,2021,0.31666666,0.32610577
93202,2021,0.32666665,0.2731381
93203,2021,0.4,0.40848207
93204,2021,0.25,0.20596826
93205,2021,1.8733333,2.1744392
93206,2021,0.38333333,0.36548933
93207,2021,2.2283332,2.1557975
93208,2021,1.45,1.3699565
93210,2021,0.68,0.6703697
93212,2021,0.28999996,0.2547589
93215,2021,0.43333334,0.4565974
93218,2021,0.39166668,0.4087915
93219,2021,0.29500002,0.30414885
93220,2021,0.16666669,0.00023031235
93221,2021,0.58,0.53930306
93222,2021,2.3066666,2.222706
93223,2021,0.33833334,0.36053512
93224,2021,0.485,0.5113269
93225,2021,2.0333333,2.0032167
93226,2021,1.65,1.6865568
93227,2021,0.25333333,0.3153342
93230,2021,0.33,0.31988317
93234,2021,0.16500002,0.15654284
93235,2021,0.325,0.3383112
93238,2021,1.6533333,1.6486062
93239,2021,0.33666667,0.329207
93240,2021,1.0333333,1.0001516
93241,2021,0.20666665,0.20247543
93242,2021,0.32,0.32731205
93243,2021,1.9566667,1.9136465
93244,2021,1.075,0.90521073
93245,2021,0.32,0.3037773
93246,2021,0.33666667,0.34013388
93247,2021,0.4166667,0.36646163
93249,2021,0.5316667,0.58190703
93250,2021,0.35833332,0.36147133
93251,2021,0.355,0.4163969
93252,2021,0.67,1.4233108
93254,2021,0.73333335,0.88581526
93255,2021,1.1716666,1.1675131
93256,2021,0.41166666,0.4156399
93257,2021,0.67,0.6620076
93258,2021,0.40833333,0.44147834
93260,2021,2.835,2.7799387
93261,2021,0.22333336,0.23508173
93262,2021,1.3816667,1.3747725
93263,2021,0.31499997,0.29851258
93265,2021,1.6116667,1.5939944
93266,2021,0.22000003,0.23888671
93267,2021,0.415,0.40594617
93268,2021,0.57666665,0.5876715
93270,2021,0.40833333,0.41692272
93271,2021,2.2133334,2.245306
93272,2021,0.39166668,0.42244422
93274,2021,0.49833333,0.46590716
93276,2021,0.3333333,0.31572002
93277,2021,0.45166665,0.4022994
93280,2021,0.43333334,0.43509898
93283,2021,1.0733334,1.0207232
93285,2021,1.9333333,1.8301518
93286,2021,0.74333334,0.7415069
93287,2021,1.6966667,1.8034775
93291,2021,0.44,0.42227423
93292,2021,0.48833334,0.48309484
93301,2021,0.38833332,0.37999573
93304,2021,0.37666667,0.40211347
93305,2021,0.38,0.3952789
93306,2021,0.505,0.45927054
93307,2021,0.38166666,0.3754312
93308,2021,0.46,0.465137
93309,2021,0.50166667,0.47843134
93311,2021,0.48833334,0.4604264
93312,2021,0.32833335,0.3220657
93313,2021,0.38499996,0.38048282
93314,2021,0.36499998,0.37183094
93401,2021,0.94166666,0.85376036
93402,2021,0.9866667,0.931455
93405,2021,1.07,0.9966657
93407,2021,0.18166667,0.42442346
93410,2021,0.14833331,0.14378202
93420,2021,1.24,1.1348379
93421,2021,1.0,0.694268
93422,2021,1.41,1.3462497
93424,2021,1.425,1.4090446
93426,2021,2.1166666,2.101799
93427,2021,0.67333335,0.64232534
93428,2021,1.7350001,1.760545
93429,2021,1.2966666,1.3342197
93430,2021,0.855,0.7782052
93432,2021,1.4483334,1.468321
93433,2021,0.56333333,0.5124983
93434,2021,0.39333335,0.37599146
93435,2021,0.91,0.9266577
93436,2021,0.6616667,0.6019362
93437,2021,0.26333332,0.21748108
93440,2021,0.7216667,0.7676928
93441,2021,1.0416666,0.92739874
93442,2021,0.75666666,0.74337673
93444,2021,0.9166667,0.8947433
93445,2021,0.495,0.46099383
93446,2021,1.1266667,1.0505747
93448,2021,0.16666669,0.5050974
93449,2021,0.815,0.7187112
93450,2021,0.68333334,0.44073465
93451,2021,0.99666667,0.9085494
93452,2021,1.76,1.666253
93453,2021,1.85,1.8130968
93454,2021,0.80333334,0.74670154
93455,2021,0.575,0.5695686
93457,2021,0.08333331,0.079217136
93458,2021,0.455,0.45501328
93460,2021,1.1766666,1.2030181
93461,2021,0.5883333,0.5830671
93463,2021,0.7183333,0.64793044
93465,2021,0.995,0.9143775
93501,2021,0.79833335,0.7868765
93502,2021,0.0,0.006747067
93504,2021,0.185,0.19306272
93505,2021,0.685,0.6719564
93510,2021,1.8,1.8426979
93512,2021,0.965,0.8962628
93513,2021,0.695,0.69558036
93514,2021,0.8983333,0.9060702
93515,2021,0.16666669,0.17516965
93516,2021,0.57,0.5365329
93517,2021,1.375,1.3784578
93518,2021,1.69,1.6992502
93519,2021,0.5,0.70151836
93522,2021,0.245,0.26225013
93523,2021,0.76,0.74012786
93526,2021,0.66333336,0.65001297
93527,2021,0.94166666,0.8950293
93528,2021,0.23333335,0.26118428
93529,2021,2.5116668,2.4559333
93530,2021,0.8333333,0.81095874
93531,2021,2.6166668,2.6767232
93532,2021,2.04,1.9369478
93534,2021,0.41333333,0.37993068
93535,2021,0.57,0.56835216
93536,2021,0.6333333,0.58916163
93541,2021,1.49,1.5352553
93542,2021,0.0,0.00023031235
93543,2021,1.045,1.0692605
93544,2021,1.0016667,0.92766947
93545,2021,0.845,0.8062629
93546,2021,1.86,1.8384258
93549,2021,0.68833333,0.76417357
93550,2021,0.46333334,0.44378862
93551,2021,0.62166667,0.5641766
93552,2021,0.50166667,0.53757983
93553,2021,1.095,1.1061567
93554,2021,0.48,0.73837924
93555,2021,0.8233333,0.8192061
93558,2021,0.53333336,0.38607982
93560,2021,0.62833333,0.78746533
93561,2021,1.5583333,1.522967
93562,2021,0.48666668,0.5196334
93563,2021,1.83,1.485815
93581,2021,0.17833334,0.34013388
93590,2021,0.0,0.00023031235
93591,2021,0.885,0.87290174
93601,2021,2.3916667,2.2090786
93602,2021,2.3783333,2.108103
93603,2021,2.2466667,2.187012
93604,2021,2.3483334,2.1393423
93605,2021,1.4766667,1.54369
93606,2021,0.13999999,0.1613617
93607,2021,0.0,0.00023031235
93608,2021,0.255,0.27474767
93609,2021,0.345,0.3317479
93610,2021,0.42666668,0.43851596
93611,2021,0.37,0.3373354
93612,2021,0.325,0.29827362
93613,2021,0.16666669,0.17794949
93614,2021,2.4733334,1.9222784
93615,2021,0.36,0.354844
93616,2021,0.33,0.35669363
93618,2021,0.375,0.36627296
93619,2021,0.86,0.8926711
93620,2021,0.29666662,0.31098226
93621,2021,1.8283334,1.8905594
93622,2021,0.25666666,0.26777583
93623,2021,1.7216668,1.7217884
93624,2021,0.2216667,0.2355243
93625,2021,0.38,0.36668172
93626,2021,1.4,1.4312656
93627,2021,0.08333331,0.08397651
93628,2021,1.7333333,1.6165302
93629,2021,0.6666667,0.5125836
93630,2021,0.3066667,0.34808314
93631,2021,0.46333334,0.44418365
93633,2021,1.6000001,1.6254783
93634,2021,2.52,2.2579322
93635,2021,0.38166666,0.4162435
93636,2021,0.6666667,0.64041245
93637,2021,0.35,0.32242826
93638,2021,0.37,0.39427623
93640,2021,0.24833333,0.25616676
93641,2021,2.0583334,1.8896385
93642,2021,0.5,0.5255197
93643,2021,2.3200002,2.3144069
93644,2021,2.125,2.052168
93645,2021,2.0616667,2.0104
93646,2021,0.44,0.39487478
93647,2021,0.52,0.55391574
93648,2021,0.5083333,0.49943238
93649,2021,0.16666669,0.0035521388
93650,2021,0.2166667,0.20020545
93651,2021,1.7383332,1.7336586
93652,2021,0.31166667,0.3637768
93653,2021,1.6033332,1.6631031
93654,2021,0.5083333,0.48801
93656,2021,0.3333333,0.30736902
93657,2021,0.45666668,0.4207337
93660,2021,0.3066667,0.26231778
93661,2021,0.0,0.00023031235
93662,2021,0.505,0.5041157
93664,2021,2.9,2.69562
93665,2021,0.20666665,0.11015165
93666,2021,0.33666667,0.10395491
93667,2021,1.9416667,1.9597555
93668,2021,0.20499998,0.21643996
93669,2021,2.265,2.2721996
93670,2021,0.16666669,0.19306272
93673,2021,0.35,0.38079554
93675,2021,1.6183333,1.6346955
93701,2021,0.185,0.17260778
93702,2021,0.2816667,0.27431548
93703,2021,0.24833333,0.23811817
93704,2021,0.29833335,0.25786936
93705,2021,0.31166667,0.2871267
93706,2021,0.25833333,0.2515629
93710,2021,0.32333332,0.32749224
93711,2021,0.3333333,0.27176034
93720,2021,0.45333335,0.4273252
93721,2021,0.2766667,0.20763397
93722,2021,0.27833337,0.26706272
93723,2021,0.30000004,0.27246696
93725,2021,0.25,0.2475617
93726,2021,0.325,0.31216025
93727,2021,0.33999997,0.31225008
93728,2021,0.345,0.3283988
93729,2021,0.0,0.060637534
93730,2021,0.32166663,0.22072858
93737,2021,0.31166667,0.32619208
93750,2021,0.0,0.00023031235
93760,2021,0.0,0.00023031235
93901,2021,0.39,0.39543533
93905,2021,0.43666667,0.46371046
93906,2021,0.42833334,0.42924714
93907,2021,1.3166667,1.2616055
93908,2021,1.4716667,1.4651916
93920,2021,2.0283334,1.92096
93921,2021,1.3616667,1.2197592
93922,2021,0.36666667,0.3694906
93923,2021,1.935,1.9135631
93924,2021,2.331667,2.32316
93925,2021,0.7583333,0.70755386
93926,2021,0.32166663,0.36365834
93927,2021,0.6716667,0.64061064
93928,2021,1.6133333,1.1988528
93930,2021,0.66833335,0.6370745
93932,2021,1.0333333,0.8391102
93933,2021,0.54333335,0.5689977
93940,2021,1.2483333,1.2132821
93944,2021,0.185,0.21691203
93950,2021,0.57166666,0.6185756
93953,2021,1.4966667,1.4589727
93954,2021,0.685,0.5750813
93955,2021,0.48,0.48146558
93960,2021,0.49666667,0.46917516
93962,2021,0.24666667,0.23963714
94002,2021,1.1066667,1.0332742
94005,2021,0.985,0.85997385
94010,2021,0.905,0.855977
94014,2021,0.54833335,0.53074205
94015,2021,0.42833334,0.44569477
94017,2021,0.0,-0.044150233
94018,2021,0.42,0.4172151
94019,2021,0.75666666,0.7390892
94020,2021,1.7933333,1.8110614
94021,2021,1.8533334,1.713443
94022,2021,1.4116666,1.4015288
94024,2021,0.98,0.9477851
94025,2021,0.9066667,0.86054367
94027,2021,1.38,1.3082473
94028,2021,1.51,1.4404058
94030,2021,0.54333335,0.5265312
94035,2021,0.0,0.0050975084
94037,2021,1.1183333,1.0752741
94038,2021,0.41333333,0.40932378
94040,2021,0.40999997,0.4550713
94041,2021,0.5283333,0.49827057
94043,2021,0.38166666,0.38091335
94044,2021,1.1466666,1.100421
94060,2021,0.93833333,0.977875
94061,2021,0.66,0.4289657
94062,2021,1.4616667,1.4459044
94063,2021,0.32333332,0.3053869
94065,2021,0.28500003,0.32446983
94066,2021,0.40999997,0.4050015
94070,2021,1.0883334,1.0297664
94074,2021,1.845,1.8311694
94080,2021,0.31666666,0.32019186
94085,2021,0.29666662,0.28848204
94086,2021,0.36333334,0.3576768
94087,2021,0.5,0.44855875
94088,2021,0.16666669,0.17855746
94089,2021,0.31333336,0.3251045
94102,2021,0.30333334,0.27092874
94103,2021,0.29666662,0.25976908
94104,2021,0.35,0.29665935
94105,2021,0.4183333,0.28583342
94107,2021,0.35666665,0.31463483
94108,2021,0.39,0.34808424
94109,2021,0.40166667,0.35825676
94110,2021,0.34833333,0.32658684
94111,2021,0.555,0.49851
94112,2021,0.305,0.27092308
94114,2021,0.4,0.36435983
94115,2021,0.405,0.36513448
94116,2021,0.29833335,0.27131426
94117,2021,0.43833333,0.38766852
94118,2021,0.37333333,0.34674132
94119,2021,0.16666669,0.17516965
94121,2021,0.335,0.2957009
94122,2021,0.325,0.31273565
94123,2021,0.42666668,0.38204384
94124,2021,0.30166665,0.28413814
94127,2021,0.395,0.36738837
94129,2021,0.63166666,0.5302525
94130,2021,0.25166667,0.2552793
94131,2021,0.415,0.40101194
94132,2021,0.31,0.29304034
94133,2021,0.38666666,0.34557146
94134,2021,0.32166663,0.30193713
94150,2021,0.0,0.00023031235
94158,2021,0.33666667,0.20127243
94301,2021,0.85833335,0.8407832
94303,2021,0.48666668,0.44851133
94304,2021,1.2633333,1.1988832
94305,2021,1.2866666,1.1936965
94306,2021,0.40166667,0.3621545
94401,2021,0.33666667,0.32313296
94402,2021,0.64666665,0.6065584
94403,2021,0.39666665,0.35192654
94404,2021,0.28333336,0.32167786
94501,2021,0.31833333,0.32061362
94502,2021,0.415,0.40777647
94503,2021,0.34333333,0.34598187
94505,2021,0.50666666,0.4534281
94506,2021,1.155,1.0893
94507,2021,1.5133333,1.487838
94508,2021,2.0316668,1.9431231
94509,2021,0.4183333,0.40523136
94510,2021,0.5283333,0.51711786
94511,2021,0.50166667,0.33311367
94512,2021,0.36666667,0.30766958
94513,2021,0.445,0.45962334
94514,2021,0.44666666,0.5258507
94515,2021,1.33,1.300972
94516,2021,2.125,2.0941834
94517,2021,1.0666667,1.0310595
94518,2021,0.4033333,0.37876576
94519,2021,0.47166666,0.42870793
94520,2021,0.37333333,0.34738547
94521,2021,0.40833333,0.31563684
94522,2021,0.0,0.18375629
94523,2021,0.58166665,0.5229459
94525,2021,0.76166666,0.7332742
94526,2021,1.1616666,1.106871
94528,2021,1.4816667,1.4827011
94530,2021,0.5883333,0.52333796
94531,2021,0.485,0.39701962
94533,2021,0.40999997,0.39414865
94534,2021,0.7416667,0.671196
94535,2021,0.13,0.19262034
94536,2021,0.36666667,0.364967
94537,2021,0.16666669,0.19306272
94538,2021,0.26,0.24826711
94539,2021,0.54833335,0.49947375
94541,2021,0.49,0.50650483
94542,2021,1.1633333,1.1729325
94544,2021,0.3316667,0.3371112
94545,2021,0.3083333,0.3088675
94546,2021,0.55,0.55463725
94547,2021,0.615,0.6156414
94548,2021,0.42166665,0.4250592
94549,2021,1.3416667,1.364832
94550,2021,0.8666667,0.8645336
94551,2021,0.55833334,0.5645311
94552,2021,1.7583333,1.7462578
94553,2021,0.60833335,0.6011903
94555,2021,0.32,0.24934936
94556,2021,1.8333334,1.8999739
94558,2021,1.01,0.95832723
94559,2021,0.64166665,0.5653018
94560,2021,0.3783333,0.39574686
94561,2021,0.42166665,0.40197188
94562,2021,0.74,0.62554187
94563,2021,1.51,1.5435627
94564,2021,0.51166666,0.50214016
94565,2021,0.40833333,0.40449756
94566,2021,0.595,0.56380093
94567,2021,2.425,2.3377886
94568,2021,0.44166666,0.42619678
94569,2021,1.1266667,1.0674407
94571,2021,0.25666666,0.24855942
94572,2021,0.25666666,0.25617433
94573,2021,0.84,0.6168194
94574,2021,1.2766666,1.3032917
94576,2021,1.895,2.6912096
94577,2021,0.36833334,0.36989042
94578,2021,0.36166668,0.33561426
94579,2021,0.35833332,0.3576395
94580,2021,0.415,0.3530574
94582,2021,0.46833333,0.4070383
94583,2021,1.2566667,1.3423426
94585,2021,0.48,0.5017109
94586,2021,1.565,1.5458267
94587,2021,0.3316667,0.31647146
94588,2021,0.9483333,0.828582
94589,2021,0.31,0.291868
94590,2021,0.32333332,0.31465372
94591,2021,0.43333334,0.398395
94592,2021,0.31333336,0.2773522
94595,2021,1.335,1.3758532
94596,2021,1.025,1.0118389
94597,2021,1.035,1.0140475
94598,2021,1.085,1.0775884
94599,2021,0.5683333,0.47977594
94601,2021,0.28000003,0.26321477
94602,2021,0.66833335,0.61976004
94603,2021,0.33833334,0.33609954
94605,2021,0.9166667,0.87998104
94606,2021,0.35,0.32285795
94607,2021,0.32166663,0.3305304
94608,2021,0.27833337,0.24795169
94609,2021,0.37,0.3311732
94610,2021,0.415,0.39252856
94611,2021,1.2116667,1.2704117
94612,2021,0.435,0.42179316
94613,2021,0.17666668,0.18791318
94615,2021,0.0,0.0050975084
94618,2021,0.69,0.61246973
94619,2021,0.69,0.64211863
94621,2021,0.38166666,0.38373524
94702,2021,0.32333332,0.28169507
94703,2021,0.42833334,0.32862234
94704,2021,0.77666664,0.6451212
94705,2021,1.0016667,0.9154922
94706,2021,0.43666667,0.34906682
94707,2021,1.05,1.0030389
94708,2021,1.3733333,1.3621871
94709,2021,0.6066667,0.5553045
94710,2021,0.48,0.5065616
94720,2021,0.63,0.607761
94801,2021,0.31666666,0.28756
94803,2021,1.0783334,1.0297215
94804,2021,0.25333333,0.23740649
94805,2021,0.67333335,0.47772837
94806,2021,0.36499998,0.3462153
94901,2021,1.0083333,0.984482
94903,2021,0.7866667,0.72401005
94904,2021,0.99666667,0.954197
94914,2021,0.28833336,0.32065165
94920,2021,1.1683333,1.1347911
94922,2021,1.2283334,1.205374
94923,2021,1.0733334,1.1173106
94924,2021,0.6166667,0.6073595
94925,2021,1.0916667,1.0769128
94928,2021,0.4,0.38387328
94929,2021,1.1233333,1.1628761
94930,2021,2.0,1.9815798
94931,2021,0.48166665,0.44939893
94933,2021,1.8266667,1.8085052
94937,2021,1.6183333,1.6593863
94938,2021,2.0216668,2.049378
94939,2021,1.15,1.0761446
94940,2021,0.95166665,0.92817736
94941,2021,1.3033333,1.3327968
94942,2021,0.16666669,0.4558497
94945,2021,0.925,0.87596136
94946,2021,1.27,1.1856016
94947,2021,1.0766667,0.97966784
94949,2021,1.17,0.9633486
94950,2021,1.0866667,1.0937679
94951,2021,0.7366667,0.71653974
94952,2021,0.79833335,0.72733814
94953,2021,0.16666669,0.19306272
94954,2021,0.49833333,0.4408516
94956,2021,1.605,1.5470588
94957,2021,1.1066667,1.1871645
94960,2021,1.1116667,1.1189151
94963,2021,1.8233334,1.8605909
94964,2021,0.39833334,0.39874947
94965,2021,0.92833334,0.8938752
94970,2021,1.1416667,0.73492664
94971,2021,0.86333334,0.7564038
94972,2021,0.63166666,0.63901556
94973,2021,1.6666666,1.6514887
94974,2021,0.0,0.011845052
95002,2021,0.44833332,0.30163696
95003,2021,1.2266667,1.122035
95004,2021,1.4383334,1.4146187
95005,2021,1.9083333,1.852841
95006,2021,2.0183334,2.0210176
95007,2021,1.6333333,1.5869086
95008,2021,0.405,0.38974836
95010,2021,0.395,0.3870327
95012,2021,0.79333335,0.8033293
95013,2021,0.47333333,0.49465975
95014,2021,0.9866667,0.9074923
95017,2021,1.2933333,1.4353771
95018,2021,1.835,1.818772
95019,2021,0.4183333,0.43011492
95020,2021,0.68666667,0.64407927
95023,2021,0.52,0.5012032
95024,2021,0.3333333,0.07167739
95026,2021,0.16666669,0.030624509
95030,2021,1.565,1.5143876
95031,2021,0.5,0.12124187
95032,2021,0.995,0.9532356
95033,2021,2.1133332,2.1041481
95035,2021,0.27833337,0.26468688
95037,2021,0.99666667,0.988855
95039,2021,0.485,0.51238847
95041,2021,1.5033333,1.3913577
95043,2021,1.36,1.3068771
95045,2021,1.25,1.3417869
95046,2021,0.565,0.5326884
95050,2021,0.47166666,0.49671692
95051,2021,0.27833337,0.26294518
95054,2021,0.24833333,0.22530484
95060,2021,1.03,1.0500567
95061,2021,0.24166667,0.24593574
95062,2021,0.44,0.43563706
95064,2021,1.3183334,1.2680671
95065,2021,1.3966666,1.3186201
95066,2021,1.7266667,1.688544
95067,2021,0.0,0.00023031235
95070,2021,1.595,1.5772214
95073,2021,1.3766667,1.2856096
95075,2021,1.2066667,1.1807592
95076,2021,0.94,0.8832748
95110,2021,0.25833333,0.2326991
95111,2021,0.37166664,0.32905903
95112,2021,0.3316667,0.3242652
95113,2021,0.23833334,0.21481049
95115,2021,0.0,-0.017170966
95116,2021,0.3316667,0.30118367
95117,2021,0.40166667,0.38412586
95118,2021,0.36,0.33047885
95119,2021,0.35833332,0.39076054
95120,2021,1.0266666,0.96970105
95121,2021,0.41166666,0.37560615
95122,2021,0.325,0.30735183
95123,2021,0.43166667,0.4019472
95124,2021,0.5083333,0.4975494
95125,2021,0.435,0.41842616
95126,2021,0.30333334,0.30358908
95127,2021,0.72,0.6240332
95128,2021,0.355,0.34513447
95129,2021,0.27000004,0.23131657
95130,2021,0.36499998,0.29869118
95131,2021,0.31166667,0.28474617
95132,2021,0.5733333,0.58378816
95133,2021,0.3083333,0.2937582
95134,2021,0.26166666,0.20537496
95135,2021,0.7216667,0.581276
95136,2021,0.43333334,0.3957617
95138,2021,0.53,0.49337897
95139,2021,0.435,0.39627627
95140,2021,1.6433334,1.8971219
95141,2021,0.76166666,0.7764319
95148,2021,0.50166667,0.4601732
95150,2021,0.0,0.23808843
95164,2021,0.16666669,0.00023031235
95202,2021,0.19166666,0.18939984
95203,2021,0.345,0.33791143
95204,2021,0.3316667,0.32258135
95205,2021,0.28333336,0.28399992
95206,2021,0.2716667,0.28010124
95207,2021,0.31666666,0.29839638
95209,2021,0.45833334,0.40992126
95210,2021,0.36166668,0.35385826
95212,2021,0.24000001,0.22459668
95215,2021,0.3066667,0.3070021
95219,2021,0.30000004,0.2744673
95220,2021,0.41333333,0.41177773
95221,2021,0.845,0.7027117
95222,2021,1.84,1.7800775
95223,2021,2.8050003,2.7298975
95224,2021,2.6466668,2.607315
95225,2021,1.0316666,0.9319077
95226,2021,1.7133334,2.2080731
95227,2021,0.74833333,0.6746398
95228,2021,1.7933333,1.7189391
95229,2021,1.8716667,1.9019359
95230,2021,0.605,0.62154114
95231,2021,0.33666667,0.31963962
95232,2021,2.025,1.8844037
95233,2021,2.145,2.0915017
95234,2021,0.22833335,0.3808028
95236,2021,0.965,1.0316057
95237,2021,0.35666665,0.3523927
95240,2021,0.47333333,0.4687222
95242,2021,0.49833333,0.5043137
95245,2021,1.8866667,1.8426403
95246,2021,2.4116669,2.1488292
95247,2021,2.0766666,2.0327399
95248,2021,2.1383333,1.9914868
95249,2021,1.7533333,1.7289829
95250,2021,0.0,0.4669878
95251,2021,2.1833334,2.1711407
95252,2021,1.645,1.6130849
95253,2021,0.255,0.23943424
95254,2021,1.2583333,1.2898853
95255,2021,2.2333333,2.204133
95257,2021,2.2883334,2.185388
95258,2021,0.44333333,0.4457265
95301,2021,0.36499998,0.3775045
95303,2021,0.345,0.3649592
95304,2021,0.31166667,0.27256334
95305,2021,1.8433334,1.8357143
95306,2021,1.505,1.4362006
95307,2021,0.30166665,0.2421825
95309,2021,1.7016667,1.685199
95310,2021,2.4883332,2.4962904
95311,2021,2.1383333,2.095098
95312,2021,0.40166667,0.48084792
95313,2021,0.38166666,0.3835825
95314,2021,0.5,0.5255197
95315,2021,0.25166667,0.24820596
95316,2021,0.35666665,0.3635335
95317,2021,0.28833336,0.2688942
95318,2021,2.5216665,2.5311475
95319,2021,0.245,0.23777425
95320,2021,0.35666665,0.3669283
95321,2021,2.43,2.4479825
95322,2021,0.53,0.5211706
95323,2021,0.39166668,0.31844723
95324,2021,0.30000004,0.29114658
95325,2021,0.875,0.73190653
95326,2021,0.2716667,0.28877112
95327,2021,1.7233334,1.6996181
95328,2021,0.28833336,0.25329465
95329,2021,2.0666666,2.059922
95330,2021,0.31499997,0.32158148
95333,2021,0.38833332,0.41906324
95334,2021,0.43666667,0.47648835
95335,2021,2.075,2.096127
95336,2021,0.36666667,0.34574732
95337,2021,0.375,0.35544944
95338,2021,2.2483335,2.1678936
95340,2021,0.37666667,0.38887855
95341,2021,0.34833333,0.36286318
95345,2021,2.21,2.264594
95346,2021,2.5466666,2.687882
95347,2021,1.5716667,1.4605954
95348,2021,0.32833335,0.35392523
95350,2021,0.34333333,0.3433821
95351,2021,0.24833333,0.23843873
95353,2021,0.0,0.01127398
95354,2021,0.36166668,0.36996716
95355,2021,0.37,0.33936763
95356,2021,0.34666663,0.3186174
95357,2021,0.3083333,0.3020966
95358,2021,0.28833336,0.26183897
95360,2021,0.51166666,0.52487963
95361,2021,0.42833334,0.4212813
95363,2021,0.37166664,0.3458667
95364,2021,1.93,1.8407944
95365,2021,0.2666667,0.28247356
95366,2021,0.47666666,0.48356235
95367,2021,0.42666668,0.33239028
95368,2021,0.40666667,0.4208175
95369,2021,0.555,0.57182777
95370,2021,2.2383332,2.2144406
95372,2021,2.055,2.113896
95374,2021,0.485,0.6212102
95375,2021,2.2033334,2.2671347
95376,2021,0.3533333,0.33617765
95377,2021,0.35166666,0.32959047
95379,2021,1.9666667,1.9411972
95380,2021,0.35833332,0.35687214
95382,2021,0.34666663,0.3360709
95383,2021,2.7966666,2.7534728
95385,2021,0.5366667,0.41091722
95386,2021,0.325,0.27681792
95387,2021,0.25,0.31095526
95388,2021,0.2716667,0.2609673
95389,2021,2.765,2.8385973
95391,2021,0.32666665,0.36111954
95401,2021,0.38166666,0.34380376
95402,2021,0.0,0.4294793
95403,2021,0.68,0.5683731
95404,2021,1.15,1.1090231
95405,2021,0.8333333,0.794452
95407,2021,0.40833333,0.34986356
95409,2021,0.97,0.9695029
95410,2021,1.835,1.807602
95412,2021,1.9116666,1.634198
95415,2021,1.365,1.3653089
95416,2021,0.48166665,0.17284083
95417,2021,1.3,1.3121738
95418,2021,0.4183333,0.59509915
95419,2021,1.6266667,1.6533436
95420,2021,1.84,1.8028408
95421,2021,1.8366667,1.7653322
95422,2021,1.1083333,1.085778
95423,2021,1.0183333,0.9480256
95424,2021,0.83,0.74966156
95425,2021,1.4183333,1.348593
95426,2021,1.98,1.8845882
95427,2021,1.8416667,1.7914022
95428,2021,1.055,1.0878646
95429,2021,2.3166666,2.4537578
95430,2021,1.7866666,1.7620671
95432,2021,1.7066667,1.7612019
95433,2021,0.54333335,0.56988686
95435,2021,1.2066667,1.2189171
95436,2021,1.6016667,1.5438914
95437,2021,1.2333333,1.2400718
95439,2021,0.395,0.39786828
95441,2021,1.3416667,1.2851806
95442,2021,1.75,1.5492288
95443,2021,1.5,1.393423
95444,2021,0.56,0.6454779
95445,2021,2.3583336,2.4237056
95446,2021,1.9633334,1.9800913
95448,2021,1.33,1.3196905
95449,2021,1.3783333,1.2365072
95450,2021,1.8566667,1.8257987
95451,2021,1.71,1.6827877
95452,2021,1.105,1.0424232
95453,2021,1.1066667,1.0669016
95454,2021,2.0333333,2.0551648
95456,2021,1.955,1.89881
95457,2021,1.6933334,1.6669654
95458,2021,1.4,1.2864708
95459,2021,2.0833333,2.0893378
95460,2021,1.6666666,1.6177993
95461,2021,1.6366667,1.5584564
95462,2021,1.615,1.6105037
95463,2021,1.445,1.6655059
95464,2021,1.4466667,1.43383
95465,2021,1.8833333,1.8593031
95466,2021,2.1633334,2.157197
95467,2021,1.9266666,1.5402708
95468,2021,1.56,1.4770782
95469,2021,1.3466667,1.2774112
95470,2021,1.38,1.3649647
95471,2021,1.2533333,1.2683066
95472,2021,0.95166665,0.93753785
95473,2021,0.3333333,0.22725761
95476,2021,0.895,0.8325521
95480,2021,1.5,1.5202701
95481,2021,0.87833333,0.80091506
95482,2021,1.15,1.1040806
95485,2021,1.1883334,1.1278045
95486,2021,1.7333333,1.6570253
95487,2021,0.0,0.015880823
95488,2021,1.8916667,1.798087
95490,2021,1.5733335,1.5506244
95492,2021,0.5366667,0.4826951
95493,2021,1.5783334,1.600486
95494,2021,1.7816666,1.7627579
95497,2021,1.3933333,1.3258742
95501,2021,0.61,0.6424862
95502,2021,0.0,0.00023031235
95503,2021,0.9433333,0.95815015
95511,2021,2.43,2.3133848
95514,2021,1.7616667,1.7966894
95518,2021,0.0,0.09657681
95519,2021,0.59,0.57569677
95521,2021,0.8516667,0.7789294
95524,2021,1.21,1.2297301
95525,2021,1.5483334,1.5372759
95526,2021,2.0083334,1.9165415
95527,2021,2.6733334,2.5882258
95528,2021,1.6133333,1.5544904
95531,2021,1.185,1.2131721
95536,2021,1.0116667,1.0082868
95537,2021,0.83,0.82214963
95538,2021,0.0,0.00023031235
95540,2021,0.89666665,0.8401537
95542,2021,2.1316667,2.0863369
95543,2021,1.915,1.7488556
95545,2021,1.6916667,1.6319695
95546,2021,1.5916667,1.5746446
95547,2021,0.77,0.7009208
95548,2021,1.6666666,1.6194077
95549,2021,1.7966666,1.7753365
95550,2021,2.4616666,2.51612
95551,2021,0.96,0.8561079
95552,2021,1.9766667,1.9853234
95553,2021,1.9116666,1.7517529
95554,2021,2.2833333,2.1642742
95555,2021,1.2133334,1.1273978
95556,2021,2.16,2.151402
95558,2021,1.5983334,1.4827404
95559,2021,2.0766666,2.1866124
95560,2021,1.8616667,1.8155793
95562,2021,0.86333334,0.8107662
95563,2021,2.475,2.4571834
95564,2021,0.44666666,0.41509315
95565,2021,1.4666667,1.3740625
95567,2021,1.0066667,0.9392704
95568,2021,2.1666667,2.0166945
95569,2021,1.42,1.5911963
95570,2021,1.1583333,1.1068411
95571,2021,1.825,1.8481429
95573,2021,1.9566667,1.916873
95585,2021,1.865,2.033542
95587,2021,1.645,1.6635935
95589,2021,1.87,1.844301
95595,2021,2.0916667,2.1397405
95601,2021,1.4983333,1.2868023
95602,2021,1.75,1.6713257
95603,2021,1.56,1.5045636
95604,2021,0.3333333,0.5322584
95605,2021,0.33833334,0.33687928
95606,2021,0.85833335,0.73892593
95607,2021,0.67,0.5545927
95608,2021,0.41166666,0.3791169
95610,2021,0.33833334,0.32444754
95611,2021,0.0,0.01020515
95612,2021,0.43333334,0.46371722
95613,2021,1.8666667,2.0330586
95614,2021,2.0266666,1.9873579
95615,2021,0.37666667,0.3346672
95616,2021,0.35666665,0.36829355
95618,2021,0.405,0.38346
95619,2021,1.8183334,1.7865546
95620,2021,0.36333334,0.36030728
95621,2021,0.4183333,0.38873875
95623,2021,2.0366666,2.0919986
95624,2021,0.36,0.35302106
95625,2021,0.39333335,0.3327472
95626,2021,0.335,0.313583
95627,2021,0.34333333,0.29531458
95628,2021,0.35833332,0.34503922
95629,2021,2.0216668,2.0266294
95630,2021,0.62666667,0.571066
95631,2021,2.265,2.2459962
95632,2021,0.43333334,0.46560732
95633,2021,2.3116667,2.2859652
95634,2021,2.33,2.2347717
95635,2021,2.4500003,2.353284
95636,2021,2.3916667,2.2227736
95637,2021,0.62333333,0.6285441
95638,2021,0.45166665,0.49723873
95639,2021,0.28999996,0.34367988
95640,2021,1.0566666,0.99648297
95641,2021,0.2666667,0.26022685
95642,2021,1.5983334,1.5317371
95644,2021,1.6666666,0.9461937
95645,2021,0.68666667,0.5280596
95646,2021,1.8583333,1.6913683
95648,2021,0.7783333,0.7398978
95650,2021,1.515,1.4685187
95651,2021,1.9616667,1.9695023
95652,2021,0.065,0.067067206
95653,2021,0.2816667,0.2649945
95655,2021,0.21333337,0.19666421
95656,2021,2.3333333,2.3443666
95658,2021,1.435,1.4231024
95659,2021,0.435,0.4355139
95660,2021,0.3783333,0.35259882
95661,2021,0.435,0.40527534
95662,2021,0.40166667,0.38906896
95663,2021,1.6733333,1.5831552
95664,2021,1.9816667,1.9470798
95665,2021,2.4966667,2.5209093
95666,2021,2.2133334,2.173155
95667,2021,2.2083333,2.143805
95668,2021,0.37166664,0.4197215
95669,2021,1.2566667,1.2193446
95670,2021,0.39333335,0.35497168
95672,2021,1.8433334,1.8056123
95673,2021,0.30166665,0.27504855
95674,2021,0.35166666,0.35904068
95675,2021,2.215,1.9798739
95676,2021,0.245,0.25684732
95677,2021,0.52,0.5429852
95678,2021,0.42666668,0.3823019
95679,2021,0.62,0.8563342
95680,2021,0.38833332,0.42117843
95681,2021,1.0383333,0.94160867
95682,2021,1.775,1.7309858
95683,2021,0.7216667,0.66278756
95684,2021,2.9016666,2.8651843
95685,2021,1.57,1.5180838
95686,2021,0.2716667,0.31162077
95687,2021,0.4033333,0.39994568
95688,2021,0.7316667,0.75844544
95689,2021,2.1083333,2.1708236
95690,2021,0.43166667,0.40806988
95691,2021,0.35,0.3400047
95692,2021,0.5966667,0.5630406
95693,2021,0.44333333,0.42795426
95694,2021,0.62333333,0.6648262
95695,2021,0.46333334,0.4750717
95696,2021,0.0,0.03843552
95697,2021,0.415,0.37863386
95698,2021,0.4166667,0.2923862
95699,2021,1.6483333,1.1217129
95701,2021,2.2883334,2.2839649
95703,2021,2.1183333,2.1127527
95709,2021,2.0383334,2.0124404
95712,2021,1.4166666,1.7522326
95713,2021,2.396667,2.3565292
95714,2021,2.0983334,2.034939
95715,2021,1.4566667,1.3838692
95716,2021,0.0,0.00023031235
95717,2021,2.0616667,2.1381977
95720,2021,2.395,2.365919
95721,2021,1.795,1.1849388
95722,2021,2.2183332,2.2017856
95724,2021,2.2166667,2.13097
95726,2021,2.8583336,2.4993496
95728,2021,1.9283333,1.8396188
95730,2021,0.3333333,0.3375357
95735,2021,1.645,1.5716909
95736,2021,1.9833333,1.8655189
95742,2021,0.40999997,0.45941746
95746,2021,1.22,1.2463747
95747,2021,0.4183333,0.3971193
95757,2021,0.31833333,0.2783817
95758,2021,0.355,0.3102759
95762,2021,1.31,1.2442131
95765,2021,0.39166668,0.38493448
95776,2021,0.37666667,0.3728068
95811,2021,0.32166663,0.27415407
95814,2021,0.2766667,0.29260954
95815,2021,0.20666665,0.20118624
95816,2021,0.3333333,0.30650508
95817,2021,0.30333334,0.2472623
95818,2021,0.32166663,0.28359914
95819,2021,0.355,0.30820757
95820,2021,0.355,0.29976895
95821,2021,0.34166667,0.32574084
95822,2021,0.40999997,0.36020157
95823,2021,0.3333333,0.30756944
95824,2021,0.26166666,0.23526669
95825,2021,0.28833336,0.2461288
95826,2021,0.37666667,0.33145192
95827,2021,0.4,0.37691572
95828,2021,0.32333332,0.28972733
95829,2021,0.34833333,0.34402654
95830,2021,0.46,0.42711595
95831,2021,0.28333336,0.2500773
95832,2021,0.22666669,0.2275039
95833,2021,0.31499997,0.28422666
95834,2021,0.29333332,0.2612064
95835,2021,0.44,0.43300337
95836,2021,0.3333333,0.34013388
95837,2021,0.33,0.32368764
95838,2021,0.34833333,0.32789907
95841,2021,0.3533333,0.31151932
95842,2021,0.31499997,0.30246392
95843,2021,0.39,0.3577765
95864,2021,0.33833334,0.30289724
95901,2021,0.68833333,0.6196377
95903,2021,0.25833333,0.22332722
95910,2021,1.47,2.4801385
95912,2021,0.38666666,0.33882853
95913,2021,0.32333332,0.27372712
95914,2021,1.6866666,1.6310954
95915,2021,0.90833336,0.81719625
95916,2021,2.185,2.205062
95917,2021,0.33833334,0.3629341
95918,2021,1.8033333,1.733405
95919,2021,2.3166666,2.3000045
95920,2021,0.92333335,0.4409549
95922,2021,2.2633333,2.3006778
95923,2021,1.9616667,1.89661
95924,2021,1.4633334,1.3463113
95925,2021,1.9433334,1.9342302
95926,2021,0.57,0.53595626
95927,2021,0.16666669,-0.088296175
95928,2021,0.845,0.820945
95929,2021,0.09333336,0.015794396
95930,2021,1.775,1.7626302
95932,2021,0.33999997,0.3006472
95934,2021,1.8066666,1.7447597
95935,2021,2.06,2.1059802
95936,2021,2.215,2.2573056
95937,2021,0.32333332,0.3530883
95938,2021,0.565,0.5514883
95939,2021,1.585,1.6550269
95940,2021,1.6666666,1.6807382
95941,2021,2.4316666,2.4572659
95942,2021,2.1283333,2.0632436
95943,2021,0.45833334,0.45675096
95944,2021,2.195,2.0073
95945,2021,2.0316668,1.9795014
95946,2021,1.8583333,1.8223618
95947,2021,1.74,1.7046599
95948,2021,0.43333334,0.4294705
95949,2021,2.4383335,2.3988357
95950,2021,0.31,0.30236003
95951,2021,0.4166667,0.457192
95953,2021,0.395,0.36388707
95954,2021,2.1733334,2.1244755
95955,2021,0.27333337,0.24643767
95956,2021,2.085,2.222378
95957,2021,0.41333333,0.36778224
95958,2021,0.46,0.553174
95959,2021,2.54,2.5235438
95960,2021,2.0633333,2.0279615
95961,2021,0.3083333,0.30012876
95962,2021,2.1066666,2.0782096
95963,2021,0.49333334,0.5777316
95965,2021,0.8616667,0.8129076
95966,2021,1.6133333,1.4151547
95967,2021,0.5,0.47827113
95968,2021,0.335,0.32845908
95969,2021,1.8133334,1.7232018
95970,2021,0.4,0.40372136
95971,2021,1.8983333,1.799964
95972,2021,2.0233333,2.1497135
95973,2021,0.95166665,0.89846474
95974,2021,0.345,0.34763342
95975,2021,2.3233333,2.2154317
95977,2021,1.8116666,1.8038174
95978,2021,1.8366667,1.5462606
95979,2021,1.3016666,1.2948601
95981,2021,1.8233334,1.7651253
95982,2021,0.335,0.3283259
95983,2021,1.5616667,1.4952486
95984,2021,2.005,1.9658779
95986,2021,2.7766666,2.0694609
95987,2021,0.29166666,0.27453607
95988,2021,0.39166668,0.3941514
95991,2021,0.44833332,0.43927503
95993,2021,0.50166667,0.46422696
96001,2021,1.165,1.0420196
96002,2021,0.6716667,0.62646186
96003,2021,1.27,1.2015473
96006,2021,1.2466667,1.202637
96007,2021,1.1483333,1.1102867
96008,2021,1.8083333,1.767904
96009,2021,1.23,1.2434093
96010,2021,2.8133335,2.7174144
96011,2021,1.8516667,1.8381027
96013,2021,1.7566667,1.6873965
96014,2021,1.645,1.4495366
96015,2021,1.57,1.763167
96016,2021,1.915,1.8402022
96017,2021,2.1233332,2.077757
96019,2021,1.2783333,1.2404239
96020,2021,1.6766666,1.6494379
96021,2021,0.7083333,0.69711685
96022,2021,1.3566667,1.3243723
96023,2021,0.86833334,0.78548217
96024,2021,2.5916667,2.5215902
96025,2021,2.1616666,2.116579
96027,2021,1.3416667,1.3211219
96028,2021,1.26,1.1945162
96029,2021,0.8333333,0.75608844
96031,2021,1.6566668,1.7627578
96032,2021,1.4683334,1.4315178
96033,2021,1.9933333,1.8990197
96034,2021,1.2933333,1.332783
96035,2021,0.43833333,0.45624873
96037,2021,0.8566667,0.83383375
96038,2021,0.48666668,0.47593588
96039,2021,2.0766666,2.1632643
96040,2021,1.6033332,1.4673645
96041,2021,1.8416667,1.8085449
96044,2021,1.3466667,1.2104329
96046,2021,2.2166667,2.1441503
96047,2021,1.8066666,1.7960403
96048,2021,1.9366666,1.9642254
96050,2021,2.0883334,2.172874
96051,2021,1.9766667,1.9398004
96052,2021,2.015,2.331851
96054,2021,1.5583333,1.3775756
96055,2021,0.45333335,0.44141275
96056,2021,1.2783333,1.2183805
96057,2021,1.5933334,1.5623854
96058,2021,1.1433333,1.1690538
96059,2021,1.99,2.020657
96061,2021,1.9016666,1.9269203
96062,2021,1.6483333,1.6269448
96063,2021,2.1833334,2.0105364
96064,2021,0.965,0.9179647
96065,2021,2.09,1.9376183
96067,2021,1.7816666,1.7401834
96068,2021,1.485,1.5512931
96069,2021,2.0333333,1.9363221
96070,2021,0.5,0.5255197
96071,2021,2.22,2.225051
96073,2021,1.29,1.2560477
96074,2021,1.5350001,1.4805844
96075,2021,1.9933333,2.0696738
96076,2021,2.42,2.4139748
96078,2021,0.43166667,0.4359268
96079,2021,0.3333333,0.020415366
96080,2021,0.93,0.9250335
96084,2021,1.9966667,2.0054183
96085,2021,1.7116666,2.6252537
96086,2021,1.975,1.7039738
96087,2021,1.6483333,1.4753696
96088,2021,1.9916667,1.9885849
96089,2021,1.1366667,1.3210862
96090,2021,0.42,0.4664987
96091,2021,3.025,2.9900093
96092,2021,0.44166666,0.41425693
96093,2021,1.9566667,1.5408386
96094,2021,1.7033334,1.6795499
96096,2021,2.3033333,1.8381476
96097,2021,1.2433333,1.2337706
96101,2021,0.93833333,0.9338783
96103,2021,2.3850002,2.3093088
96104,2021,0.5966667,0.61253184
96105,2021,1.6683333,1.5408831
96106,2021,2.5816667,2.5066214
96107,2021,1.3766667,1.4528345
96108,2021,1.35,1.43102
96109,2021,1.4816667,1.497677
96110,2021,0.5783333,0.5886692
96111,2021,2.4866667,1.8194263
96112,2021,1.6783333,1.5326686
96113,2021,1.0883334,1.0778751
96114,2021,1.6950002,1.668979
96115,2021,1.1916667,0.9201521
96116,2021,1.2416667,1.1514349
96117,2021,1.3866667,1.3141109
96118,2021,1.2033334,1.1488793
96119,2021,1.02,1.0813113
96120,2021,2.1266668,2.2289734
96121,2021,1.6783333,1.6564038
96122,2021,1.85,1.8044499
96123,2021,1.44,1.4755356
96124,2021,2.3633332,2.4419804
96125,2021,2.1983333,2.1577206
96126,2021,1.6633333,1.6028771
96128,2021,1.0083333,1.0676924
96129,2021,1.2883333,1.3038764
96130,2021,1.1466666,1.1511385
96132,2021,0.5283333,0.55658937
96133,2021,1.0483333,1.0708177
96134,2021,0.5783333,0.5502583
96135,2021,1.1366667,0.9953582
96136,2021,1.2116667,1.2767918
96137,2021,2.4433334,2.3580046
96140,2021,1.7416667,1.5247972
96141,2021,1.8083333,1.6244948
96142,2021,2.1783333,1.9131339
96143,2021,1.875,2.214806
96145,2021,1.895,1.7553205
96146,2021,2.0266666,1.9931372
96148,2021,2.175,1.9794432
96150,2021,2.0216668,1.8791004
96151,2021,1.335,1.2096441
96155,2021,0.59,0.6062765
96158,2021,1.155,1.0874306
96160,2021,1.755,1.259753
96161,2021,2.2,2.099431
96162,2021,2.0516667,1.9972228
